{"no_ray": 0.0014200210571289062, "ray_2_cpus": {"time": 0.0008499622344970703, "speedup": 1.670687237026648, "efficiency": 83.53436185133239}, "ray_4_cpus": {"time": 0.0007607936859130859, "speedup": 1.8664995299279223, "efficiency": 46.66248824819806}}